{"resources":["./assets/sounds/sfx.mp3","./assets/sounds/sfx.ogg","./assets/sounds/sfx.m4a"],"spritemap":{"achievementUnlocked":{"start":0,"end":1.425328798185941,"loop":false},"bike_engine_loop":{"start":2.1,"end":6.685555555555556,"loop":false},"bike_land":{"start":7.2,"end":7.825011337868481,"loop":false},"block_glass":{"start":8.3,"end":9.925011337868481,"loop":false},"bounce1":{"start":10.4,"end":11.148934240362813,"loop":false},"checkpoint":{"start":11.500000000000002,"end":12.407256235827667,"loop":false},"click":{"start":12.600000000000003,"end":12.633333333333336,"loop":false},"count":{"start":13.700000000000003,"end":13.987346938775513,"loop":false},"death1":{"start":14.800000000000002,"end":15.394421768707485,"loop":false},"death2":{"start":15.900000000000002,"end":16.519569160997733,"loop":false},"deathDrowned":{"start":17,"end":18.573061224489795,"loop":false},"explosion":{"start":19.099999999999998,"end":21.629659863945577,"loop":false},"fall":{"start":22.2,"end":23.102290249433107,"loop":false},"fallingBlock":{"start":23.3,"end":23.87575963718821,"loop":false},"fallingBlockHide":{"start":24.400000000000002,"end":25.155918367346942,"loop":false},"Finish":{"start":25.500000000000004,"end":28.000000000000004,"loop":false},"flip":{"start":28.600000000000005,"end":30.100000000000005,"loop":false},"laserFire":{"start":30.700000000000006,"end":31.88736961451248,"loop":false},"missileLauncher":{"start":32.80000000000001,"end":34.71163265306124,"loop":false},"music_1":{"start":34.90000000000001,"end":64.89997732426305,"loop":false},"music_2":{"start":65.00000000000001,"end":94.99997732426306,"loop":false},"music_3":{"start":95.10000000000002,"end":125.09997732426307,"loop":false},"music_4":{"start":125.20000000000003,"end":155.19997732426307,"loop":false},"saw":{"start":155.30000000000004,"end":156.5509750566894,"loop":false},"slider_loop":{"start":157.40000000000006,"end":162.20000000000007,"loop":false},"splash":{"start":162.50000000000009,"end":164.0730612244899,"loop":false},"star_1":{"start":164.6000000000001,"end":165.2000000000001,"loop":false},"star_2":{"start":165.7000000000001,"end":166.3000000000001,"loop":false},"star_3":{"start":166.8000000000001,"end":167.36668934240373,"loop":false}}}